URL,Page Type,Silo,Title Tag,Title Length,Meta Description,Desc Length,H1,Canonical,Schema Types,Internal Links Out,Internal Link Count,Last Updated
https://beghr.com/,Core Page,Core,Managed Payroll & HCM | Done For You. Not Software. | BEG,57,"BEG delivers fully managed payroll at $25-$45 PEPM, iSolved HCM software with BEG implementation, and specialized job placement in 23-35 days.",142,The people side of your business is costing you more than it should.,https://beghr.com,,"/services/job-placement, /services/hcm-software, /services/managed-payroll",3,2026-06-27
https://beghr.com/about,Core Page,Core,"About BEG | 1,500+ Members. Payroll. Placement. HCM. | BEG",58,"Business Executive Group is an established network with 1,500+ members. We deliver managed payroll, HCM software, and job placement services nationwide.",152,"Built by business owners, for business owners.",https://beghr.com/about,,"/services/job-placement, /board-of-directors, /services/hcm-software, /services/managed-payroll",4,2026-06-27
https://beghr.com/contact,Core Page,Core,Contact Business Executive Group | BEG HR Services,50,"Contact BEG. Book a discovery call, call 469-412-1204, or send a message. Managed payroll, HCM software, and job placement services nationwide.",143,Let's talk about your business.,https://beghr.com/contact,,"/network/membership, /services/job-placement, /services/hcm-software, /network/sponsorship, /services/managed-payroll, /privacy-policy",6,2026-06-27
https://beghr.com/blog/hcm-software,Blog Cluster,HCM Software,HCM Software & HR Tech | BEG Blog,33,"iSolved features, HR automation, and software comparisons for growing businesses.",81,HCM Software & HR Tech,https://beghr.com/blog/hcm-software,,,0,2026-06-27
https://beghr.com/blog/hcm-software/hr-automation,Blog Cluster,HCM Software,HR Automation in 2026 | What iSolved Actually Does | BEG,56,"What HR automation actually looks like in 2026. How iSolved automates payroll, onboarding, compliance, and ACA tracking — plus the Connector for Claude.",152,HR Automation in 2026: What iSolved Actually Automates (And What It Does Not),https://beghr.com/blog/hcm-technology/hr-automation,,"/blog/hcm-software/payroll-compliance, /services/hcm-software, /blog/hcm-software/isolved-platform",3,2026-06-27
https://beghr.com/blog/hcm-software/isolved-platform,Blog Cluster,HCM Software,iSolved People Cloud Review 2026 | Features & Pricing | BEG,59,"Full iSolved People Cloud review for 2026. Modules, pricing model, implementation timeline, Connector for Claude, and how it compares to Paycom and ADP.",152,"iSolved People Cloud Review: Features, Pricing, and What to Expect in 2026",https://beghr.com/blog/hcm-technology/isolved-platform,,"/services/hcm-software/isolved-vs-paycom, /blog/hcm-software/hr-automation, /services/hcm-software, /services/hcm-software/isolved-vs-paylocity",4,2026-06-27
https://beghr.com/blog/hcm-software/payroll-compliance,Blog Cluster,HCM Software,Payroll Tax Compliance 2026 | What Changed. Stay Current. | BEG,63,"2026 payroll compliance changes: overtime rules, minimum wages, 1099-NEC thresholds, and paid leave. How iSolved handles compliance automatically.",146,Payroll Tax Compliance in 2026: What Changed and How HCM Software Keeps You Current,https://beghr.com/blog/hcm-technology/payroll-compliance,,"/services/hcm-software, /blog/hcm-software/isolved-platform, /services/managed-payroll",3,2026-06-27
https://beghr.com/blog/hcm-technology,Blog Cluster,HCM Software,HCM Technology & HR Software Guides | BEG Blog,46,"HCM platform reviews, HR automation guides, and payroll compliance updates for growing businesses. Powered by isolved and managed by BEG.",137,HCM Technology Guides,https://beghr.com/blog/hcm-technology,,/services/managed-payroll,1,2026-06-27
https://beghr.com/blog/hcm-technology/benefits-administration-isolved,Blog Cluster,HCM Software,Benefits Administration iSolved | Open Enrollment & ACA | BEG,61,"iSolved benefits administration: open enrollment, carrier connections, ACA tracking, FSA/HSA management, and life events. BEG at $25-$45 PEPM.",142,"Benefits Administration in iSolved: Open Enrollment, ACA Reporting, and Life Events (2026)",https://beghr.com/blog/hcm-technology/benefits-administration-isolved,"BlogPosting, BreadcrumbList, Person, Organization, ListItem, FAQPage, Answer, Question",/services/hcm-software,1,2026-06-27
https://beghr.com/blog/hcm-technology/hr-automation,Blog Cluster,HCM Software,HR Automation 2026 | What to Automate vs. What to Skip | BEG,60,"HR automation guide for growing companies. Payroll, benefits, onboarding, and compliance workflows. What to automate first and when to outsource instead.",153,"HR Automation: What to Automate, What Not To, and How Much Time You Save (2026)",https://beghr.com/blog/hcm-technology/hr-automation,,"/blog/hcm-technology/isolved-platform, /blog/hcm-technology/payroll-compliance, /services/managed-payroll",3,2026-06-27
https://beghr.com/blog/hcm-technology/isolved-platform,Blog Cluster,HCM Software,"iSolved HCM Platform Review: Modules, Pricing, and Who It\",58,"Full isolved HCM platform review: payroll, benefits, time tracking, talent management, and Connector for Claude. Who isolved fits and how BEG manages it.",153,"iSolved HCM Platform Review: Modules, Pricing, and Who It's Built For (2026)",https://beghr.com/blog/hcm-technology/isolved-platform,,"/blog/compare/managed-payroll-vs-adp, /blog/hcm-technology/hr-automation, /services/hcm-software",3,2026-06-27
https://beghr.com/blog/hcm-technology/payroll-compliance,Blog Cluster,HCM Software,Payroll Tax Compliance 2026 | Changes & What to Fix | BEG,57,"2026 payroll compliance guide. FLSA thresholds, ACA requirements, state changes, and how managed payroll keeps you compliant automatically.",139,Payroll Tax Compliance 2026: What Changed and What Your System Must Handle,https://beghr.com/blog/hcm-technology/payroll-compliance,,"/blog/hcm-technology/isolved-platform, /blog/hcm-technology/hr-automation, /services/managed-payroll",3,2026-06-27
https://beghr.com/blog/hcm-technology/time-attendance-tracking,Blog Cluster,HCM Software,Time & Attendance Tracking Software | iSolved Timekeeping | BEG,63,"iSolved time and attendance: punch methods, overtime alerts, geofencing, scheduling, and direct payroll integration. BEG at $25-$45 PEPM.",137,"Time and Attendance Tracking with iSolved: Punch Methods, Overtime Automation, and Payroll Integration (2026)",https://beghr.com/blog/hcm-technology/time-attendance-tracking,"BlogPosting, BreadcrumbList, Person, Organization, ListItem, FAQPage, Answer, Question","/services/hcm-software, /services/managed-payroll",2,2026-06-27
https://beghr.com/services/hcm-software,Service Hub,HCM Software,iSolved HCM | Only Platform With Claude AI. 330% ROI. | BEG,59,"BEG is an authorized iSolved reseller. Get payroll, HR, time, benefits, and the Connector for Claude on one platform. 330% documented ROI.",138,,https://beghr.com/services/hcm-software,,"/services/hcm-software/alternatives-to-adp, /services/hcm-software/finance, /services/hcm-software/engineering, /services/hcm-software/executive, /services/hcm-software/trades, /services/hcm-software/healthcare, /services/hcm-software/isolved-vs-paylocity, /services/hcm-software/legal, /services/hcm-software/technology, /services/hcm-software/isolved-vs-paycom",10,2026-06-27
https://beghr.com/services/hcm-software/alternatives-to-adp,Industry Sub-Page,HCM Software,Best ADP Alternative | iSolved Has Claude AI. ADP Doesn\,56,"Tired of ADP price hikes and poor support? See the top ADP alternatives for companies with 50-500 employees, including iSolved, managed by BEG.",143,The Best ADP Alternatives for Mid-Market Companies,https://beghr.com/services/hcm-software/alternatives-to-adp,,,0,2026-06-27
https://beghr.com/services/hcm-software/engineering,Industry Sub-Page,HCM Software,iSolved HCM for Engineering | Prevailing Wage Built In | BEG,60,"iSolved HCM for engineering firms. Certified payroll, prevailing wage compliance, and project tracking on one platform. Implemented by BEG.",139,,https://beghr.com/services/hcm-software/engineering,,,0,2026-06-27
https://beghr.com/services/hcm-software/executive,Industry Sub-Page,HCM Software,iSolved HCM for Exec Teams | Deferred Comp. Claude AI. | BEG,60,"iSolved HCM for executive compensation. Deferred comp tracking, complex benefits administration, and discreet management. Implemented by BEG.",141,,https://beghr.com/services/hcm-software/executive,,,0,2026-06-27
https://beghr.com/services/hcm-software/finance,Industry Sub-Page,HCM Software,iSolved HCM for Finance | Bonus & Equity Payroll Built In | BEG,63,"iSolved HCM for finance and accounting. Bonus tracking, commission management, and payroll on one platform. Implemented and supported by BEG.",141,,https://beghr.com/services/hcm-software/finance,,,0,2026-06-27
https://beghr.com/services/hcm-software/healthcare,Industry Sub-Page,HCM Software,iSolved HCM for Healthcare | Clinical Payroll + Claude AI | BEG,63,"iSolved HCM for healthcare. Shift scheduling, compliance tracking, and clinical staff management on one platform. Implemented and supported by BEG.",147,,https://beghr.com/services/hcm-software/healthcare,,,0,2026-06-27
https://beghr.com/services/hcm-software/isolved-vs-paycom,Industry Sub-Page,HCM Software,iSolved vs Paycom | Claude AI Integration. 330% ROI. | BEG,58,"iSolved vs Paycom compared across pricing, features, AI capabilities, and implementation. Find out which HCM platform is the better fit for your company.",153,iSolved vs Paycom: The Honest Comparison,https://beghr.com/services/hcm-software/isolved-vs-paycom,,,0,2026-06-27
https://beghr.com/services/hcm-software/isolved-vs-paylocity,Industry Sub-Page,HCM Software,iSolved vs Paylocity | Claude AI. 330% ROI. No Contest. | BEG,61,"Side-by-side comparison of iSolved and Paylocity. Pricing, features, implementation, and AI capabilities compared. See which platform fits your company.",152,iSolved vs Paylocity: Which Platform Wins for Your Company?,https://beghr.com/services/hcm-software/isolved-vs-paylocity,,,0,2026-06-27
https://beghr.com/services/hcm-software/legal,Industry Sub-Page,HCM Software,iSolved HCM for Law Firms | Claude AI for Legal HR | BEG,56,"iSolved HCM for law firms. Manage partner compensation, associate tracking, and billable time on one platform. Implemented and supported by BEG.",144,,https://beghr.com/services/hcm-software/legal,,,0,2026-06-27
https://beghr.com/services/hcm-software/technology,Industry Sub-Page,HCM Software,iSolved HCM for Tech | Claude AI + 330% ROI. | BEG,50,"iSolved HCM for technology companies. Manage equity comp, contractors, and distributed teams on one platform. Implemented and supported by BEG.",143,,https://beghr.com/services/hcm-software/technology,,,0,2026-06-27
https://beghr.com/services/hcm-software/trades,Industry Sub-Page,HCM Software,iSolved HCM for Skilled Trades | Union Payroll Built In | BEG,61,"iSolved HCM for trades and manufacturing. Union compliance, certified payroll, and multi-site management on one platform. Implemented by BEG.",141,,https://beghr.com/services/hcm-software/trades,,,0,2026-06-27
https://beghr.com/blog/compare/legal-staffing-vs-placement,BOFU Compare,Job Placement,Legal Staffing vs Attorney Placement | Real Difference | BEG,60,"Legal staffing fills temporary gaps. Attorney placement finds permanent hires. Side-by-side breakdown of cost, speed, and fill rate for law firms.",146,Legal Staffing Agency vs. Attorney Placement Service: What's the Difference?,https://beghr.com/blog/compare/legal-staffing-vs-placement,,,0,2026-06-27
https://beghr.com/blog/legal-hiring,Blog Cluster,Job Placement,Legal Hiring & Recruiting | BEG Blog,36,"Attorney market trends, law firm hiring strategies, and placement insights.",75,Legal Hiring & Recruiting,https://beghr.com/blog/legal-hiring,,,0,2026-06-27
https://beghr.com/blog/legal-hiring/associate-hiring,Blog Cluster,Job Placement,Law Firm Associate Hiring: Fill Roles in 23–35 Days (2026 Guide),64,"Law firms average 60–90 days to hire an associate. Top firms fill in 23–35 days using passive lateral searches. 86% fill rate, 45-day guarantee. See.",149,Law Firm Associate Hiring: Fill Roles in 23–35 Days (2026 Guide),https://beghr.com/blog/legal-hiring/associate-hiring,,"/services/job-placement/legal, /blog/compare/contingency-vs-retained-vs-milestone, /blog/legal-hiring/attorney-market-trends",3,2026-06-27
https://beghr.com/blog/legal-hiring/attorney-market-trends,Blog Cluster,Job Placement,2026 Attorney Market Trends: What Managing Partners Need to Know,64,"2026 attorney market analysis. Law school enrollment down 30%, passive candidates dominate, practice area demand by specialty. How top firms are.",145,2026 Attorney Market Trends: What Managing Partners Need to Know,https://beghr.com/blog/legal-hiring/attorney-market-trends,,"/services/job-placement/legal, /blog/legal-hiring/solo-firm-growth, /blog/legal-hiring/associate-hiring",3,2026-06-27
https://beghr.com/blog/legal-hiring/in-house-counsel,Blog Cluster,Job Placement,In-House Counsel Hiring | When to Hire a GC | BEG,49,"When to hire in-house counsel vs. stick with outside firms. General Counsel hiring process, compensation, and search timeline for growing companies.",148,In-House Counsel Hiring: When to Bring Legal In-House and How to Find the Right GC (2026),https://beghr.com/blog/legal-hiring/in-house-counsel,,"/services/job-placement/legal, /blog/legal-hiring/attorney-market-trends, /blog/legal-hiring/associate-hiring",3,2026-06-27
https://beghr.com/blog/legal-hiring/paralegal-recruiting,Blog Cluster,Job Placement,Paralegal Recruiting | Law Firm Placements in 23-35 Days | BEG,62,"Law firm paralegal hiring guide. Practice area specialization, compensation by role, sourcing strategies, and what separates good paralegals from great.",152,Law Firm Paralegal Hiring: Finding the Right Paralegals for Your Practice Area (2026),https://beghr.com/blog/legal-hiring/paralegal-recruiting,,"/services/job-placement/legal, /blog/legal-hiring/in-house-counsel, /blog/legal-hiring/associate-hiring",3,2026-06-27
https://beghr.com/blog/legal-hiring/solo-firm-growth,Blog Cluster,Job Placement,Solo Firm Growth | When to Hire Your First Associate | BEG,58,"Solo attorney hiring guide. Financial case for your first associate, avoiding common mistakes, the 23-35 day search process, and what to expect in year.",152,Solo Lawyer Expansion: When and How to Hire Your First Associate (2026),https://beghr.com/blog/legal-hiring/solo-firm-growth,,"/services/job-placement/legal, /blog/legal-hiring/associate-hiring, /blog/legal-hiring/attorney-market-trends",3,2026-06-27
https://beghr.com/services/job-placement,Service Hub,Job Placement,Job Placement | 23-35 Days. 86% Fill Rate. Guaranteed. | BEG,60,"Fill attorney, clinical, tech, and finance roles in 23-35 days at roughly 50% less than contingency. Milestone billing. 45-day replacement guarantee.",149,,https://beghr.com/services/job-placement,,"/services/job-placement/legal, /services/job-placement/healthcare, /services/job-placement/technology, /services/job-placement/finance, /services/job-placement/engineering, /services/job-placement/executive, /services/job-placement/trades",7,2026-06-27
https://beghr.com/services/job-placement/engineering,Industry Sub-Page,Job Placement,Engineering Placement | Roles Filled Fast. Guaranteed. | BEG,60,Fill engineering and technical roles on time. Specialized engineering recruiting with milestone billing and 45-day replacement guarantee.,137,,https://beghr.com/services/job-placement/engineering,,,0,2026-06-27
https://beghr.com/services/job-placement/executive,Industry Sub-Page,Job Placement,Executive Search | C-Suite Placed Fast. 45-Day Guarantee. | BEG,63,"Confidential executive and director-level search. Milestone-based, 45-day guarantee. Find C-suite and leadership talent that moves the needle.",142,,https://beghr.com/services/job-placement/executive,,,0,2026-06-27
https://beghr.com/services/job-placement/finance,Industry Sub-Page,Job Placement,Finance Placement | Controllers & CPAs. 23-35 Days. | BEG,57,"Place controllers, CPAs, and finance managers faster. Milestone billing, 45-day replacement guarantee. Specialized finance and accounting recruiting.",149,,https://beghr.com/services/job-placement/finance,,,0,2026-06-27
https://beghr.com/services/job-placement/healthcare,Industry Sub-Page,Job Placement,Healthcare Placement | 23-35 Days. 45-Day Guarantee. | BEG,58,Fill nursing and clinical roles before burnout sets in. Specialized healthcare recruiting with milestone billing and a 45-day replacement guarantee.,148,,https://beghr.com/services/job-placement/healthcare,,,0,2026-06-27
https://beghr.com/services/job-placement/legal,Industry Sub-Page,Job Placement,Attorney Placement | 23-35 Days. 45-Day Guarantee. | BEG,56,"Law firm hiring specialist. Place attorneys, paralegals, and counsel at roughly 50% less than contingency firms. 45-day guarantee. Book a discovery call.",153,,https://beghr.com/services/job-placement/legal,,,0,2026-06-27
https://beghr.com/services/job-placement/technology,Industry Sub-Page,Job Placement,Tech Job Placement | Filled in 23-35 Days. Guaranteed. | BEG,60,"Place software engineers, data scientists, and IT professionals before your roadmap slips. Milestone billing, 45-day guarantee. Book a discovery call.",150,,https://beghr.com/services/job-placement/technology,,,0,2026-06-27
https://beghr.com/services/job-placement/trades,Industry Sub-Page,Job Placement,Skilled Trades Placement | Roles Filled Fast. Guaranteed. | BEG,63,"Place skilled tradespeople and production staff before your line slows. Milestone billing, 45-day guarantee. Trades and manufacturing recruiting.",145,,https://beghr.com/services/job-placement/trades,,,0,2026-06-27
https://beghr.com/blog/compare/managed-payroll-vs-adp,BOFU Compare,Managed Payroll,ADP vs Managed Payroll | We Cost Less. You Do Less Work. | BEG,62,"ADP is powerful but expensive for 20-200 employee companies. Compare ADP total cost, service model, and support vs. BEG managed payroll at $25-$45 PEPM.",152,ADP vs. Managed Payroll: Is ADP Still Worth the Cost for Your Company?,https://beghr.com/blog/compare/managed-payroll-vs-adp,,,0,2026-06-27
https://beghr.com/blog/compare/managed-payroll-vs-deel,BOFU Compare,Managed Payroll,Deel vs BEG Managed Payroll | U.S. Payroll Done For You | BEG,61,"Deel is built for global contractors. BEG is built for domestic W-2 teams. Compare pricing, compliance coverage, and which service fits your situation.",151,Managed Payroll vs. Deel: Which One Is Actually Right for You?,https://beghr.com/blog/compare/managed-payroll-vs-deel,,,0,2026-06-27
https://beghr.com/blog/compare/managed-payroll-vs-gusto,BOFU Compare,Managed Payroll,Gusto vs Managed Payroll | Software vs. Done For You | BEG,58,"Gusto handles payroll software. BEG handles payroll entirely. Compare cost, features, support, and who actually does the work each cycle.",137,Managed Payroll vs. Gusto: What's the Actual Difference?,https://beghr.com/blog/compare/managed-payroll-vs-gusto,,,0,2026-06-27
https://beghr.com/blog/compare/managed-payroll-vs-paychex,BOFU Compare,Managed Payroll,Paychex vs Managed Payroll | Done For You vs. DIY Software | BEG,64,"Paychex Flex is powerful payroll software, but you still run it yourself. BEG managed payroll runs it for you. Compare cost, service model, and support.",152,Paychex vs. Managed Payroll: What's the Actual Difference?,https://beghr.com/blog/compare/managed-payroll-vs-paychex,,,0,2026-06-27
https://beghr.com/blog/compare/managed-payroll-vs-rippling,BOFU Compare,Managed Payroll,Rippling vs Managed Payroll | Not Software. A Service. | BEG,60,"Rippling bundles payroll, IT, and HR in one platform. If you only need payroll handled, not rebuilt, BEG managed payroll runs it for you at $25-$45 PEPM.",153,Rippling vs. Managed Payroll: Is the All-in-One Platform Worth It for Your Company?,https://beghr.com/blog/compare/managed-payroll-vs-rippling,,,0,2026-06-27
https://beghr.com/blog/compare/peo-vs-managed-payroll,BOFU Compare,Managed Payroll,PEO vs Managed Payroll | Why PEOs Cost 3x More | BEG,52,"PEOs co-employ your staff and control your HR. BEG managed payroll handles payroll without co-employment. Compare cost, control, and compliance risk.",149,PEO vs. Managed Payroll: What's the Difference and Which Do You Actually Need?,https://beghr.com/blog/compare/peo-vs-managed-payroll,,,0,2026-06-27
https://beghr.com/blog/entrepreneur-resources/owner-draw-vs-salary,Blog Cluster,Managed Payroll,Owner Draw vs Salary | Which Is Right for Your Business? | BEG,62,"Owner draw vs salary: tax treatment by entity type, self-employment tax, and when to switch to formal payroll. BEG at $25-$45 PEPM.",131,"Owner Draw vs Salary: Tax Implications, Entity Rules, and When to Switch to Payroll (2026)",https://beghr.com/blog/entrepreneur-resources/owner-draw-vs-salary,"BlogPosting, BreadcrumbList, Person, Organization, ListItem, FAQPage, Answer, Question",,0,2026-06-27
https://beghr.com/blog/entrepreneur-resources/payroll-for-llc-owners,Blog Cluster,Managed Payroll,Payroll for LLC Owners | SE Tax & S-Corp Elections | BEG,56,"Payroll for LLC owners: when payroll is required, self-employment tax on draws, S-corp election timing, and partner payments. BEG at $25-$45 PEPM.",146,"Payroll for LLC Owners: When It Is Required, Self-Employment Tax, and S-Corp Elections (2026)",https://beghr.com/blog/entrepreneur-resources/payroll-for-llc-owners,"BlogPosting, BreadcrumbList, Person, Organization, ListItem, FAQPage, Answer, Question",,0,2026-06-27
https://beghr.com/blog/entrepreneur-resources/remote-team-management,Blog Cluster,Managed Payroll,Managing Remote Teams: What Founders Need to Know,49,"Build and manage remote teams effectively. Hiring remote talent, HR compliance, and culture in a distributed company.",117,Managing Remote Teams: What Founders Need to Know,https://beghr.com/blog/entrepreneur-resources/remote-team-management,,"/services/hcm-software, /services/managed-payroll",2,2026-06-27
https://beghr.com/blog/entrepreneur-resources/startup-hiring,Blog Cluster,Managed Payroll,Startup Hiring 101: Building Your First Team,44,"How to hire your first employees as a founder. Recruiting strategy, offer structures, and building company culture early.",121,Startup Hiring 101: Building Your First Team,https://beghr.com/blog/entrepreneur-resources/startup-hiring,,"/services/job-placement, /services/managed-payroll",2,2026-06-27
https://beghr.com/blog/payroll,Blog Cluster,Managed Payroll,Payroll & HR Compliance | BEG Blog,34,"Tax law changes, payroll regulations, and compliance tips for businesses nationwide.",84,Payroll & HR Compliance,https://beghr.com/blog/payroll,,,0,2026-06-27
https://beghr.com/blog/payroll/auto-dealership/dealer-commission-payroll,Blog Cluster,Managed Payroll,Dealer Commission Payroll | How to Process Draw & Clawback | BEG,64,"How to process draw-against-commission pay, F&I chargebacks, and flat-rate compensation in auto dealership payroll — and how to avoid the most common.",150,Auto Dealership Commission and Draw Payroll: How to Process It Correctly,https://beghr.com/blog/payroll/auto-dealership/dealer-commission-payroll,,"/services/managed-payroll/auto-dealership, /blog/payroll/auto-dealership/managed-payroll-vs-in-house",2,2026-06-27
https://beghr.com/blog/payroll/auto-dealership/dealership-overtime-minimum-wage,Blog Cluster,Managed Payroll,Dealership Overtime & Min Wage | FLSA Rules for Dealers | BEG,61,"How FLSA overtime and minimum wage rules apply to auto dealership employees — the F&I and service advisor exemptions, flat-rate technician minimum wage.",152,"Dealership Overtime and Minimum Wage: FLSA Rules for F&I, Service Advisors, and Technicians",https://beghr.com/blog/payroll/auto-dealership/dealership-overtime-minimum-wage,,"/services/managed-payroll/auto-dealership, /blog/payroll/auto-dealership/managed-payroll-vs-in-house, /blog/payroll/auto-dealership/dealer-commission-payroll",3,2026-06-27
https://beghr.com/blog/payroll/auto-dealership/managed-payroll-vs-in-house,Blog Cluster,Managed Payroll,Managed Payroll vs. Hiring In-House for Auto Dealerships | BEG,62,Auto dealership payroll outsourcing vs. hiring a payroll manager. Real cost comparison for dealerships with 20–200 employees. Commission.,137,Managed Payroll vs. Hiring In-House for Auto Dealerships,https://beghr.com/blog/payroll/auto-dealership/managed-payroll-vs-in-house,,"/services/managed-payroll/auto-dealership, /blog/compare/payroll-manager-vs-outsourcing, /services/managed-payroll",3,2026-06-27
https://beghr.com/blog/payroll/cannabis/cannabis-payroll-280e,Blog Cluster,Managed Payroll,Cannabis 280E & Payroll | What You Can and Can,46,"How 280E affects cannabis payroll: COGS deductions, disallowed expenses, and how to structure compensation to minimize your tax exposure.",137,Cannabis Business Payroll Under Section 280E: What You Can and Can't Deduct,https://beghr.com/blog/payroll/cannabis/cannabis-payroll-280e,,"/services/managed-payroll/cannabis, /blog/payroll/cannabis/managed-payroll-vs-in-house",2,2026-06-27
https://beghr.com/blog/payroll/cannabis/cannabis-payroll-banking,Blog Cluster,Managed Payroll,Cannabis Payroll & Banking | Pay Employees When Banks Won,57,"Cannabis payroll banking options: cannabis-friendly banks, payroll processors, and cash compliance when traditional banks won\",126,Cannabis Payroll and Banking: How to Pay Employees When Banks Won't Help,https://beghr.com/blog/payroll/cannabis/cannabis-payroll-banking,,"/services/managed-payroll/cannabis, /blog/payroll/cannabis/cannabis-payroll-280e, /blog/payroll/cannabis/managed-payroll-vs-in-house",3,2026-06-27
https://beghr.com/blog/payroll/cannabis/managed-payroll-vs-in-house,Blog Cluster,Managed Payroll,Managed Payroll vs. Hiring In-House for Cannabis Businesses | BEG,65,"Cannabis business payroll outsourcing vs. hiring in-house. Real cost comparison for dispensaries, cultivators, and processors. 280E, cash payroll.",146,Managed Payroll vs. Hiring In-House for Cannabis Businesses,https://beghr.com/blog/payroll/cannabis/managed-payroll-vs-in-house,,"/services/managed-payroll/cannabis, /blog/compare/payroll-manager-vs-outsourcing, /services/managed-payroll",3,2026-06-27
https://beghr.com/blog/payroll/childcare/childcare-payroll-overtime,Blog Cluster,Managed Payroll,Childcare Payroll & FLSA Overtime | The Operator Guide | BEG,60,"FLSA overtime rules for childcare staff — which employees are exempt, how to calculate overtime for part-time and split-shift workers, and the most.",148,Childcare Center Payroll and FLSA Overtime: What Operators Need to Know,https://beghr.com/blog/payroll/childcare/childcare-payroll-overtime,,"/blog/payroll/childcare/managed-payroll-vs-in-house, /services/managed-payroll/childcare",2,2026-06-27
https://beghr.com/blog/payroll/childcare/childcare-subsidy-payroll,Blog Cluster,Managed Payroll,Childcare Subsidy Payroll | Managing Mixed-Funding Right | BEG,62,"How childcare centers manage payroll when staff costs are funded by a mix of state subsidies, CCDF, Head Start grants, and private tuition —.",141,Childcare Subsidy and Payroll: Managing Mixed-Funding Compliance,https://beghr.com/blog/payroll/childcare/childcare-subsidy-payroll,,"/blog/payroll/childcare/managed-payroll-vs-in-house, /blog/payroll/childcare/childcare-payroll-overtime, /services/managed-payroll/childcare",3,2026-06-27
https://beghr.com/blog/payroll/childcare/managed-payroll-vs-in-house,Blog Cluster,Managed Payroll,Managed Payroll vs. Hiring In-House for Childcare Centers | BEG,63,"Childcare center payroll outsourcing vs. hiring an office manager. Real cost comparison for centers with 10–80 staff. High turnover, subsidy.",141,Managed Payroll vs. Hiring In-House for Childcare Centers,https://beghr.com/blog/payroll/childcare/managed-payroll-vs-in-house,,"/blog/compare/payroll-manager-vs-outsourcing, /services/managed-payroll, /services/managed-payroll/childcare",3,2026-06-27
https://beghr.com/blog/payroll/church/church-employee-fica-payroll,Blog Cluster,Managed Payroll,Church Payroll & FICA | Which Employees Are Exempt | BEG,56,"A clear guide to FICA obligations for church employers — ordained ministers, non-ministerial staff, the Form 4361 opt-out, and what happens when a.",147,Church Payroll and FICA: Which Employees Are Exempt and Which Are Not,https://beghr.com/blog/payroll/church/church-employee-fica-payroll,,"/blog/payroll/church/minister-housing-allowance-payroll, /services/managed-payroll/church, /blog/payroll/church/managed-payroll-vs-in-house",3,2026-06-27
https://beghr.com/blog/payroll/church/managed-payroll-vs-in-house,Blog Cluster,Managed Payroll,Managed Payroll vs. Hiring In-House for Churches | BEG,54,Church payroll outsourcing vs. hiring a bookkeeper or administrator. Real cost comparison for churches with 5–80 staff. Minister housing allowance.,147,Managed Payroll vs. Hiring In-House for Churches,https://beghr.com/blog/payroll/church/managed-payroll-vs-in-house,,"/blog/compare/payroll-manager-vs-outsourcing, /services/managed-payroll/church, /services/managed-payroll",3,2026-06-27
https://beghr.com/blog/payroll/church/minister-housing-allowance-payroll,Blog Cluster,Managed Payroll,Minister Housing Allowance | How to Set It Up in Payroll | BEG,62,"A step-by-step guide to setting up minister housing allowance in payroll — designation requirements, IRS limits, what is excluded from income tax, and.",151,Minister Housing Allowance: How to Set It Up in Payroll Correctly,https://beghr.com/blog/payroll/church/minister-housing-allowance-payroll,,"/blog/payroll/church/managed-payroll-vs-in-house, /services/managed-payroll/church, /blog/payroll/church/church-employee-fica-payroll",3,2026-06-27
https://beghr.com/blog/payroll/construction/certified-payroll-prevailing-wage,Blog Cluster,Managed Payroll,Certified Payroll & Prevailing Wage | Davis-Bacon Handled. | BEG,64,Certified payroll reporting and prevailing wage compliance for construction contractors on federal and state public works projects. BEG at $25-$45 PEPM.,152,Certified Payroll and Prevailing Wage Compliance: A Contractor's Guide to Davis-Bacon (2026),https://beghr.com/blog/payroll/construction/certified-payroll-prevailing-wage,"BlogPosting, BreadcrumbList, Person, Organization, ListItem, FAQPage, Answer, Question",,0,2026-06-27
https://beghr.com/blog/payroll/construction/contractors-payroll,Blog Cluster,Managed Payroll,Construction Payroll Outsourcing | $25 PEPM vs. $80K Hire | BEG,63,"Construction payroll outsourcing vs. hiring in-house. Real cost comparison for contractors: certified payroll, Davis-Bacon, union wages, multi-job.",147,Construction Payroll Outsourcing: Cost vs. Hiring Payroll Manager (2026),https://beghr.com/blog/payroll/construction/contractors-payroll,,"/services/managed-payroll/engineering, /blog/compare/managed-payroll-vs-gusto, /services/managed-payroll",3,2026-06-27
https://beghr.com/blog/payroll/construction/union-payroll-construction,Blog Cluster,Managed Payroll,Union Construction Payroll | Davis-Bacon & CBA | BEG,52,"Union construction payroll: certified payroll, collective bargaining agreement rates, fringe tracking, and remittance reporting. BEG at $25-$45 PEPM.",149,"Union Payroll for Construction: CBA Rates, Fringe Remittances, and Certified Payroll (2026)",https://beghr.com/blog/payroll/construction/union-payroll-construction,"BlogPosting, BreadcrumbList, Person, Organization, ListItem, FAQPage, Answer, Question",/services/managed-payroll,1,2026-06-27
https://beghr.com/blog/payroll/ecommerce/dtc-brand-payroll,Blog Cluster,Managed Payroll,"DTC Brand Payroll | Warehouse, Fulfillment & Remote Teams | BEG",63,"DTC brand payroll: warehouse staff, remote marketing teams, variable headcount, contractor classification, and multi-state compliance. BEG at $25-$45 PEPM.",155,"DTC Brand Payroll: Warehouse Staff, Remote Teams, and Variable Headcount Compliance (2026)",https://beghr.com/blog/payroll/ecommerce/dtc-brand-payroll,"BlogPosting, BreadcrumbList, Person, Organization, ListItem, FAQPage, Answer, Question",,0,2026-06-27
https://beghr.com/blog/payroll/ecommerce/online-stores,Blog Cluster,Managed Payroll,E-Commerce Payroll Outsourcing | $25 PEPM vs. $60K Hire | BEG,61,"E-commerce payroll outsourcing vs. hiring in-house. Multi-state nexus, seasonal workforce, contractor classification. Save $60K–$90K annually.",142,E-Commerce Payroll Outsourcing: Cost vs. Hiring HR Coordinator (2026),https://beghr.com/blog/payroll/ecommerce/online-stores,,"/services/hcm-software, /blog/payroll, /services/managed-payroll",3,2026-06-27
https://beghr.com/blog/payroll/ecommerce/shopify-payroll-outsourcing,Blog Cluster,Managed Payroll,Shopify Payroll Outsourcing | Scale Without the Headache | BEG,62,"Shopify payroll outsourcing: staff classification, multi-state compliance, and tax filings as your store grows. BEG at $25-$45 PEPM.",132,Shopify Payroll Outsourcing: From First Hire to Multi-State Operations (2026),https://beghr.com/blog/payroll/ecommerce/shopify-payroll-outsourcing,"BlogPosting, BreadcrumbList, Person, Organization, ListItem, FAQPage, Answer, Question",/services/managed-payroll,1,2026-06-27
https://beghr.com/blog/payroll/financial-services/insurance-agency-payroll,Blog Cluster,Managed Payroll,"Insurance Agency Payroll | Commission, Splits & Compliance | BEG",64,"Insurance agency payroll outsourcing: commission splits, producer draws, E&O deductions, and state licensing compliance. BEG at $25-$45 PEPM.",141,"Insurance Agency Payroll: Commission Splits, Producer Classification, and Multi-State Compliance (2026)",https://beghr.com/blog/payroll/financial-services/insurance-agency-payroll,"BlogPosting, BreadcrumbList, Person, Organization, ListItem, FAQPage, Answer, Question",,0,2026-06-27
https://beghr.com/blog/payroll/financial-services/registered-investment-advisor-payroll,Blog Cluster,Managed Payroll,"RIA Payroll | Advisor Comp, Deferred Plans & SEC Rules | BEG",60,"Registered investment advisor payroll: advisor compensation, deferred comp plans, carried interest tracking, and SEC/FINRA compliance. BEG at $25-$45 PEPM.",155,"RIA Payroll: Advisor Compensation, Deferred Plans, and Compliance Considerations (2026)",https://beghr.com/blog/payroll/financial-services/registered-investment-advisor-payroll,"BlogPosting, BreadcrumbList, Person, Organization, ListItem, FAQPage, Answer, Question",,0,2026-06-27
https://beghr.com/blog/payroll/financial-services/wealth-firms,Blog Cluster,Managed Payroll,Wealth Firm Payroll | Commission & Deferred Comp. Handled. | BEG,64,"Financial services payroll outsourcing for wealth management firms, RIAs, and broker-dealers. Commission tracking, 409A, SEC/FINRA compliance. Save.",148,"Financial Services Payroll Outsourcing: Managing Commission, Deferred Comp, and Compliance (2026)",https://beghr.com/blog/payroll/financial-services/wealth-firms,,"/services/hcm-software, /blog/payroll, /services/managed-payroll",3,2026-06-27
https://beghr.com/blog/payroll/fitness/fitness-trainer-w2-vs-1099,Blog Cluster,Managed Payroll,Fitness Trainer W-2 vs. 1099 | IRS Classification Rules | BEG,61,"How to correctly classify fitness trainers as employees or independent contractors — the IRS factors, state law differences, and what happens if a.",147,Fitness Trainer W-2 vs. 1099: IRS Classification Rules for Studios and Gyms,https://beghr.com/blog/payroll/fitness/fitness-trainer-w2-vs-1099,,"/blog/payroll/fitness/managed-payroll-vs-in-house, /services/managed-payroll/fitness",2,2026-06-27
https://beghr.com/blog/payroll/fitness/managed-payroll-vs-in-house,Blog Cluster,Managed Payroll,Fitness Studio Payroll | Managed vs. In-House. $25 PEPM. | BEG,62,Fitness studio and gym payroll outsourcing vs. hiring in-house. Real cost comparison for studios with 10–80 staff. Trainer W-2 vs. 1099 classification.,151,Managed Payroll vs. Hiring In-House for Fitness Studios and Gyms,https://beghr.com/blog/payroll/fitness/managed-payroll-vs-in-house,,"/services/managed-payroll/fitness, /blog/compare/payroll-manager-vs-outsourcing, /services/managed-payroll",3,2026-06-27
https://beghr.com/blog/payroll/fitness/per-class-pay-minimum-wage,Blog Cluster,Managed Payroll,Per-Class Pay & Minimum Wage | Fitness Studio Compliance | BEG,62,"How to calculate minimum wage compliance for fitness instructors paid per class — what counts as compensable time, how to calculate the floor, and what.",152,Per-Class Pay and Minimum Wage: Payroll Compliance for Fitness Studios,https://beghr.com/blog/payroll/fitness/per-class-pay-minimum-wage,,"/blog/payroll/fitness/fitness-trainer-w2-vs-1099, /blog/payroll/fitness/managed-payroll-vs-in-house, /services/managed-payroll/fitness",3,2026-06-27
https://beghr.com/blog/payroll/franchise/franchise-minimum-wage-compliance,Blog Cluster,Managed Payroll,Franchise Minimum Wage Compliance | Stay Current. | BEG,55,"How franchise operators manage minimum wage compliance when rates differ by state and city — automatic update systems, notification timelines, and what.",152,Franchise Minimum Wage Compliance: How to Stay Current Across Multiple Locations,https://beghr.com/blog/payroll/franchise/franchise-minimum-wage-compliance,,"/blog/payroll/franchise/managed-payroll-vs-in-house, /services/managed-payroll/franchise, /blog/payroll/franchise/franchise-multi-location-payroll",3,2026-06-27
https://beghr.com/blog/payroll/franchise/franchise-multi-location-payroll,Blog Cluster,Managed Payroll,Multi-Location Franchise Payroll | How to Manage Them All | BEG,63,"How franchise operators manage payroll across multiple locations — cost center tracking, employee transfers, state minimum wage updates, and how to.",148,Multi-Location Payroll for Franchise Owners: How to Manage Across Locations,https://beghr.com/blog/payroll/franchise/franchise-multi-location-payroll,,"/services/managed-payroll/franchise, /blog/payroll/franchise/managed-payroll-vs-in-house",2,2026-06-27
https://beghr.com/blog/payroll/franchise/managed-payroll-vs-in-house,Blog Cluster,Managed Payroll,Managed Payroll vs. Hiring In-House for Franchise Owners | BEG,62,"Franchise payroll outsourcing vs. hiring in-house. Real cost comparison for multi-location franchise operators. Multi-brand management, state minimum.",150,Managed Payroll vs. Hiring In-House for Franchise Owners,https://beghr.com/blog/payroll/franchise/managed-payroll-vs-in-house,,"/services/managed-payroll/franchise, /blog/compare/payroll-manager-vs-outsourcing, /services/managed-payroll",3,2026-06-27
https://beghr.com/blog/payroll/healthcare-general/clinics-payroll,Blog Cluster,Managed Payroll,Healthcare Clinic Payroll | Clinical Staff Pay. Done Right. | BEG,65,"Healthcare clinic payroll outsourcing for urgent care, outpatient, and specialty clinics. Shift differentials, RVU comp, ACA tracking. Save $55K–$95K.",150,Healthcare Clinic Payroll Outsourcing: Managing Clinical Staff Pay (2026),https://beghr.com/blog/payroll/healthcare-general/clinics-payroll,,"/services/hcm-software, /blog/payroll, /services/managed-payroll",3,2026-06-27
https://beghr.com/blog/payroll/healthcare/dental,Blog Cluster,Managed Payroll,Dental Office Payroll Outsourcing | $25 PEPM vs. $60K Hire | BEG,64,"Dental office payroll outsourcing vs. hiring in-house. Hygienist tips, associate dentist comp, DSO payroll. Save $55K–$90K annually at $25–$45 PEPM.",148,Dental Office Payroll Outsourcing: Cost vs. Hiring HR Coordinator (2026),https://beghr.com/blog/payroll/healthcare/dental,,"/blog/payroll/healthcare-general/clinics-payroll, /blog/compare/managed-payroll-vs-gusto, /services/managed-payroll",3,2026-06-27
https://beghr.com/blog/payroll/healthcare/medical-practices,Blog Cluster,Managed Payroll,Medical Practice Payroll | $25 PEPM vs. $60K Hire | BEG,55,"Medical practice payroll outsourcing vs. hiring in-house. Shift differentials, RVU comp, ACA tracking, HIPAA-adjacent data. Save $55K–$95K annually at.",151,Medical Practice Payroll Outsourcing: Cost vs. Hiring HR Coordinator (2026),https://beghr.com/blog/payroll/healthcare/medical-practices,,"/blog/payroll/healthcare-general/clinics-payroll, /blog/payroll/healthcare/dental, /services/managed-payroll",3,2026-06-27
https://beghr.com/blog/payroll/healthcare/therapy-practice-payroll,Blog Cluster,Managed Payroll,Therapy Practice Payroll | Per-Session Pay & PTO | BEG,54,"Therapy practice payroll: per-session pay, PTO accrual, productivity thresholds, and contractor vs employee classification. BEG at $25-$45 PEPM.",144,"Therapy Practice Payroll: Per-Session Pay, PTO Accrual, and Clinician Classification (2026)",https://beghr.com/blog/payroll/healthcare/therapy-practice-payroll,"BlogPosting, BreadcrumbList, Person, Organization, ListItem, FAQPage, Answer, Question",,0,2026-06-27
https://beghr.com/blog/payroll/healthcare/urgent-care-payroll,Blog Cluster,Managed Payroll,"Urgent Care Payroll | Clinical Staff, Overtime & HIPAA Ops | BEG",64,"Urgent care payroll: physician and PA compensation, clinical overtime, credential tracking, and multi-site compliance. BEG at $25-$45 PEPM.",139,"Urgent Care Payroll: Clinical Staff Compensation, Overtime Rules, and Multi-Site Compliance (2026)",https://beghr.com/blog/payroll/healthcare/urgent-care-payroll,"BlogPosting, BreadcrumbList, Person, Organization, ListItem, FAQPage, Answer, Question",/services/managed-payroll,1,2026-06-27
https://beghr.com/blog/payroll/home-health/evv-payroll-reconciliation,Blog Cluster,Managed Payroll,EVV and Payroll Reconciliation | How to Handle EVV Data | BEG,61,"How to reconcile EVV system data with payroll for home health agencies — the most common discrepancy types, how to resolve them, and how to stay.",145,Electronic Visit Verification and Payroll: How to Reconcile EVV Data,https://beghr.com/blog/payroll/home-health/evv-payroll-reconciliation,,"/blog/payroll/home-health/managed-payroll-vs-in-house, /services/managed-payroll/home-health, /blog/payroll/home-health/home-health-travel-time",3,2026-06-27
https://beghr.com/blog/payroll/home-health/home-health-travel-time,Blog Cluster,Managed Payroll,Home Health Payroll | How to Handle Travel Time Pay | BEG,57,"FLSA rules on compensable travel time for home health aides and visiting nurses — what must be paid, what is excluded, and how to set up travel time.",149,Home Health Agency Payroll: How to Handle Travel Time Between Clients,https://beghr.com/blog/payroll/home-health/home-health-travel-time,,"/blog/payroll/home-health/managed-payroll-vs-in-house, /services/managed-payroll/home-health",2,2026-06-27
https://beghr.com/blog/payroll/home-health/managed-payroll-vs-in-house,Blog Cluster,Managed Payroll,Home Health Payroll | Managed vs. In-House. $25-$45 PEPM. | BEG,63,"Home health agency payroll outsourcing vs. hiring in-house. Real cost comparison for agencies with 15–150 staff. Travel time compensation, EVV.",143,Managed Payroll vs. Hiring In-House for Home Health Agencies,https://beghr.com/blog/payroll/home-health/managed-payroll-vs-in-house,,"/blog/compare/payroll-manager-vs-outsourcing, /services/managed-payroll/home-health, /services/managed-payroll",3,2026-06-27
https://beghr.com/blog/payroll/hospitality-general/hotels-resorts,Blog Cluster,Managed Payroll,Hotel & Resort Payroll | Tips & Seasonal Staff. Done Right. | BEG,65,"Hotel and resort payroll outsourcing. Tipped employee rules, tip pooling compliance, seasonal hiring, split-shift premiums. Save $55K–$95K annually.",148,"Hotel and Resort Payroll Outsourcing: Managing Tips, Tipped Employees, and Seasonal Staff (2026)",https://beghr.com/blog/payroll/hospitality-general/hotels-resorts,,"/services/hcm-software, /blog/payroll, /services/managed-payroll",3,2026-06-27
https://beghr.com/blog/payroll/hospitality/bar-nightclub-payroll,Blog Cluster,Managed Payroll,Bar & Nightclub Payroll | Tip Pools & Late-Night Staff | BEG,60,"Bar and nightclub payroll outsourcing: tip credits, tip pools, late-night shift rules, bartender classification. BEG manages it all at $25-$45 PEPM.",148,"Bar and Nightclub Payroll: Tip Pools, Late-Night Shifts, and Tipped Minimum Wage (2026)",https://beghr.com/blog/payroll/hospitality/bar-nightclub-payroll,"BlogPosting, BreadcrumbList, Person, Organization, ListItem, FAQPage, Answer, Question",,0,2026-06-27
https://beghr.com/blog/payroll/hospitality/hotel-payroll,Blog Cluster,Managed Payroll,"Hotel Payroll | Tipped Staff, Shifts & Multi-State | BEG",56,"Hotel payroll outsourcing: tip credits, banquet overtime, multi-department classification, multi-state compliance. BEG manages it all at $25-$45 PEPM.",150,"Hotel Payroll Outsourcing: Tipped Staff, Banquet Overtime, and Multi-State Compliance (2026)",https://beghr.com/blog/payroll/hospitality/hotel-payroll,"BlogPosting, BreadcrumbList, Person, Organization, ListItem, FAQPage, Answer, Question",,0,2026-06-27
https://beghr.com/blog/payroll/hospitality/restaurant,Blog Cluster,Managed Payroll,Restaurant Payroll | Tipped Staff & Tip Pools. Handled. | BEG,61,"Restaurant payroll outsourcing vs. hiring in-house. Tip credit rules, FLSA tip pooling, split-shift premiums, high-turnover W-2 volume. Save $55K–$90K.",151,"Restaurant Payroll Outsourcing: Tipped Employees, Tip Pools, and Compliance (2026)",https://beghr.com/blog/payroll/hospitality/restaurant,,"/blog/payroll/hospitality-general/hotels-resorts, /blog/compare/managed-payroll-vs-gusto, /services/managed-payroll",3,2026-06-27
https://beghr.com/blog/payroll/manufacturing/outsourcing-payroll,Blog Cluster,Managed Payroll,Manufacturing Payroll Outsourcing | $25 PEPM vs. $80K Hire | BEG,64,"Manufacturing payroll outsourcing vs. hiring in-house. Real cost comparison: shift differentials, overtime, union CBA compliance. Save $55K–$100K annually.",155,Manufacturing Payroll Outsourcing: Cost vs. Hiring HR Manager (2026),https://beghr.com/blog/payroll/manufacturing/outsourcing-payroll,,"/services/managed-payroll/engineering, /blog/compare/peo-vs-managed-payroll, /services/managed-payroll",3,2026-06-27
https://beghr.com/blog/payroll/manufacturing/shift-work-payroll,Blog Cluster,Managed Payroll,"Shift Work Payroll | Differentials, Overtime & 24/7 Ops | BEG",61,"Manufacturing shift work payroll: shift differentials, rotating schedules, overtime rules, and FLSA compliance. BEG at $25-$45 PEPM.",132,"Shift Work Payroll: Differentials, Rotating Schedules, and 24/7 Operations Overtime (2026)",https://beghr.com/blog/payroll/manufacturing/shift-work-payroll,"BlogPosting, BreadcrumbList, Person, Organization, ListItem, FAQPage, Answer, Question",,0,2026-06-27
https://beghr.com/blog/payroll/manufacturing/union-manufacturing-payroll,Blog Cluster,Managed Payroll,Union Manufacturing Payroll | CBA Rates & Fringes | BEG,55,"Union manufacturing payroll: CBA wage schedules, fringe remittances, grievance documentation, and NLRA compliance. BEG at $25-$45 PEPM.",135,"Union Manufacturing Payroll: CBA Wage Schedules, Fringe Remittances, and Grievance Documentation (2026)",https://beghr.com/blog/payroll/manufacturing/union-manufacturing-payroll,"BlogPosting, BreadcrumbList, Person, Organization, ListItem, FAQPage, Answer, Question",/services/managed-payroll,1,2026-06-27
https://beghr.com/blog/payroll/marketing-agency/managed-payroll-vs-in-house,Blog Cluster,Managed Payroll,Managed Payroll vs. Hiring In-House for Marketing Agencies | BEG,64,"Marketing agency payroll outsourcing vs. hiring in-house. Real cost comparison for agencies with 10–80 employees. Remote multi-state staff, S-corp.",147,Managed Payroll vs. Hiring In-House for Marketing Agencies,https://beghr.com/blog/payroll/marketing-agency/managed-payroll-vs-in-house,,"/services/managed-payroll/marketing-agency, /blog/compare/payroll-manager-vs-outsourcing, /services/managed-payroll",3,2026-06-27
https://beghr.com/blog/payroll/marketing-agency/marketing-agency-remote-payroll,Blog Cluster,Managed Payroll,Multi-State Payroll for Remote Marketing Agency Teams | BEG,59,"How marketing agencies with remote employees manage multi-state payroll tax obligations — state registration, withholding, unemployment insurance, and.",151,Multi-State Payroll for Remote Marketing Agency Teams,https://beghr.com/blog/payroll/marketing-agency/marketing-agency-remote-payroll,,"/services/managed-payroll/marketing-agency, /blog/payroll/marketing-agency/managed-payroll-vs-in-house",2,2026-06-27
https://beghr.com/blog/payroll/marketing-agency/scorp-owner-salary-payroll,Blog Cluster,Managed Payroll,S-Corp Owner Salary & Payroll | Agency Owner Guide | BEG,56,"How to set a reasonable S-corp salary for a marketing agency owner — what the IRS requires, what counts as reasonable compensation, and how owner.",146,S-Corp Owner Salary in Payroll: What Marketing Agency Owners Need to Know,https://beghr.com/blog/payroll/marketing-agency/scorp-owner-salary-payroll,,"/services/managed-payroll/marketing-agency, /blog/payroll/marketing-agency/marketing-agency-remote-payroll, /blog/payroll/marketing-agency/managed-payroll-vs-in-house",3,2026-06-27
https://beghr.com/blog/payroll/nonprofits/501c3-payroll-compliance,Blog Cluster,Managed Payroll,"501(c)(3) Payroll Compliance | Nonprofit FICA, FUTA & 990 | BEG",63,"501(c)(3) payroll compliance: FICA exemptions, FUTA rules, executive comp reporting on Form 990, and volunteer vs employee rules. BEG at $25-$45 PEPM.",150,"501(c)(3) Payroll Compliance: FICA Exemptions, FUTA Rules, and Form 990 Reporting (2026)",https://beghr.com/blog/payroll/nonprofits/501c3-payroll-compliance,"BlogPosting, BreadcrumbList, Person, Organization, ListItem, FAQPage, Answer, Question",,0,2026-06-27
https://beghr.com/blog/payroll/nonprofits/charity-payroll,Blog Cluster,Managed Payroll,Nonprofit Payroll | Grant Allocation & 990. Done Right. | BEG,61,"Nonprofit payroll outsourcing for 501(c)(3) organizations. Grant-funded payroll, Form 990, FUTA exemption, PSLF certification. Save $50K–$85K annually.",151,"Nonprofit Payroll Outsourcing: Grant Allocation, 990 Reporting, and Compliance (2026)",https://beghr.com/blog/payroll/nonprofits/charity-payroll,,"/services/hcm-software, /blog/payroll, /services/managed-payroll",3,2026-06-27
https://beghr.com/blog/payroll/nonprofits/grant-funded-payroll,Blog Cluster,Managed Payroll,Grant-Funded Payroll | Cost Allocation & Audit Compliance | BEG,63,"Grant-funded payroll: cost allocation, time tracking for funder compliance, and single audit requirements. BEG at $25-$45 PEPM.",127,"Grant-Funded Payroll: Cost Allocation, Time Tracking, and Federal Audit Compliance (2026)",https://beghr.com/blog/payroll/nonprofits/grant-funded-payroll,"BlogPosting, BreadcrumbList, Person, Organization, ListItem, FAQPage, Answer, Question",,0,2026-06-27
https://beghr.com/blog/payroll/professional-services-staffing/recruiting,Blog Cluster,Managed Payroll,Staffing Agency Payroll Outsourcing | Commission Done Right | BEG,65,"Staffing agency payroll outsourcing. Commission tracking, contractor vs W-2, multi-state placed workers, rapid scaling. Save $55K–$95K annually.",144,"Staffing Agency Payroll Outsourcing: Managing Commission, Contractors, and Multi-State (2026)",https://beghr.com/blog/payroll/professional-services-staffing/recruiting,,"/blog/compare/managed-payroll-vs-gusto, /blog/payroll, /services/managed-payroll",3,2026-06-27
https://beghr.com/blog/payroll/professional-services/accounting,Blog Cluster,Managed Payroll,Accounting Firm Payroll | $25 PEPM vs. Hiring In-House | BEG,60,"Accounting firm payroll outsourcing vs. hiring in-house. Partner comp, seasonal surge, QuickBooks integration. Save $60K–$95K annually at $25–$45 PEPM.",151,Accounting Firm Payroll Outsourcing: Cost vs. Hiring HR Manager (2026),https://beghr.com/blog/payroll/professional-services/accounting,,"/blog/compare/managed-payroll-vs-adp, /blog/payroll/professional-services/law-firm-payroll-outsourcing, /services/managed-payroll",3,2026-06-27
https://beghr.com/blog/payroll/professional-services/consulting-firm-payroll,Blog Cluster,Managed Payroll,Consulting Firm Payroll | Billable Hours & Multi-State | BEG,60,"Consulting firm payroll: utilization bonuses, multi-state remote consultant compliance, exempt classification, and W-2 vs 1099. BEG at $25-$45 PEPM.",148,"Consulting Firm Payroll: Billable Hours, Utilization Bonuses, and Multi-State Compliance (2026)",https://beghr.com/blog/payroll/professional-services/consulting-firm-payroll,"BlogPosting, BreadcrumbList, Person, Organization, ListItem, FAQPage, Answer, Question",/services/managed-payroll,1,2026-06-27
https://beghr.com/blog/payroll/professional-services/law-firm-payroll-outsourcing,Blog Cluster,Managed Payroll,Law Firm Payroll Outsourcing: Cost vs. Hiring HR Manager (2026),63,"Compare law firm payroll outsourcing vs. hiring in-house. Partner draws, IOLTA separation, billing integration, associate salary tiers. Save $55K–$90K.",151,Law Firm Payroll Outsourcing: Cost vs. Hiring a Payroll Manager (2026),https://beghr.com/blog/payroll/professional-services/law-firm-payroll-outsourcing,,"/blog/compare/managed-payroll-vs-adp, /blog/payroll/professional-services/accounting, /services/managed-payroll",3,2026-06-27
https://beghr.com/blog/payroll/real-estate/commercial-real-estate-payroll,Blog Cluster,Managed Payroll,"Commercial Real Estate Payroll | Brokers, Splits & Draws | BEG",62,"Commercial real estate payroll: broker commission splits, draw programs, contractor classification, and multi-state filings. BEG at $25-$45 PEPM.",145,"Commercial Real Estate Payroll: Broker Splits, Draw Programs, and Multi-State Compliance (2026)",https://beghr.com/blog/payroll/real-estate/commercial-real-estate-payroll,"BlogPosting, BreadcrumbList, Person, Organization, ListItem, FAQPage, Answer, Question",/services/managed-payroll,1,2026-06-27
https://beghr.com/blog/payroll/real-estate/mortgage-company-payroll,Blog Cluster,Managed Payroll,Mortgage Company Payroll | LO Commission & RESPA Rules | BEG,60,"Mortgage company payroll: loan officer commission, RESPA compliance, draw programs, and multi-state filings. BEG at $25-$45 PEPM.",129,"Mortgage Company Payroll: Loan Officer Commission, Dodd-Frank Rules, and Draw Programs (2026)",https://beghr.com/blog/payroll/real-estate/mortgage-company-payroll,"BlogPosting, BreadcrumbList, Person, Organization, ListItem, FAQPage, Answer, Question",/services/managed-payroll,1,2026-06-27
https://beghr.com/blog/payroll/real-estate/property-management,Blog Cluster,Managed Payroll,Real Estate Payroll | W-2 Staff and 1099 Agents. Handled. | BEG,63,"Real estate payroll outsourcing for brokerages and property management companies. Mixed W-2/1099 workforce, commission processing, brokerage splits.",148,Real Estate Payroll Outsourcing: Managing W-2 Staff and 1099 Agents (2026),https://beghr.com/blog/payroll/real-estate/property-management,,"/blog/compare/managed-payroll-vs-adp, /blog/payroll, /services/managed-payroll",3,2026-06-27
https://beghr.com/blog/payroll/retail/retail-chain-payroll,Blog Cluster,Managed Payroll,"Retail Chain Payroll | Multi-Location, Hourly Staff & Tips | BEG",64,"Retail chain payroll: multi-location hourly staff, minimum wage compliance, overtime, tip credit management, and multi-state filings. BEG at $25-$45 PEPM.",154,"Retail Chain Payroll: Multi-Location Hourly Staff, State Minimum Wages, and Overtime Compliance (2026)",https://beghr.com/blog/payroll/retail/retail-chain-payroll,"BlogPosting, BreadcrumbList, Person, Organization, ListItem, FAQPage, Answer, Question",,0,2026-06-27
https://beghr.com/blog/payroll/retail/seasonal-retail-payroll,Blog Cluster,Managed Payroll,"Seasonal Retail Payroll | Peak Hiring, Final Pay & SUI | BEG",60,"Seasonal retail payroll: rapid peak hiring onboarding, state final pay timing, SUI impact, and offboarding compliance. BEG at $25-$45 PEPM.",139,"Seasonal Retail Payroll: Managing Peak Hiring, Final Pay Timing, and SUI Impact (2026)",https://beghr.com/blog/payroll/retail/seasonal-retail-payroll,"BlogPosting, BreadcrumbList, Person, Organization, ListItem, FAQPage, Answer, Question",,0,2026-06-27
https://beghr.com/blog/payroll/retail/staffing-payroll,Blog Cluster,Managed Payroll,Retail Payroll Outsourcing | Seasonal Staff. Done Right. | BEG,62,"Retail payroll outsourcing. Variable scheduling, high turnover, minimum wage patchwork, seasonal surge, ACA part-time tracking. Save $45K–$80K annually.",152,"Retail Payroll Outsourcing: Managing Variable Hours, Seasonal Staff, and Compliance (2026)",https://beghr.com/blog/payroll/retail/staffing-payroll,,"/blog/compare/managed-payroll-vs-rippling, /blog/payroll, /services/managed-payroll",3,2026-06-27
https://beghr.com/blog/payroll/technology/remote-tech-team-payroll,Blog Cluster,Managed Payroll,"Remote Tech Team Payroll | Multi-State, Distributed Teams | BEG",63,"Remote tech team payroll: multi-state withholding, contractor classification, nexus compliance, and employer-of-record options. BEG at $25-$45 PEPM.",148,"Remote Tech Team Payroll: Multi-State Compliance, Nexus Rules, and Distributed Team Setup (2026)",https://beghr.com/blog/payroll/technology/remote-tech-team-payroll,"BlogPosting, BreadcrumbList, Person, Organization, ListItem, FAQPage, Answer, Question",,0,2026-06-27
https://beghr.com/blog/payroll/technology/saas-payroll-outsourcing,Blog Cluster,Managed Payroll,SaaS Payroll Outsourcing | $25 PEPM vs. $80K Hire | BEG,55,"SaaS company payroll outsourcing vs. hiring in-house. RSU tax events, multi-state remote, contractor classification. Save $70K–$110K annually at.",145,SaaS Payroll Outsourcing: Cost vs. Hiring Payroll Ops Manager (2026),https://beghr.com/blog/payroll/technology/saas-payroll-outsourcing,,"/blog/compare/managed-payroll-vs-rippling, /services/hcm-software, /services/managed-payroll",3,2026-06-27
https://beghr.com/blog/payroll/technology/startup-equity-payroll,Blog Cluster,Managed Payroll,"Startup Equity Payroll | Stock Options, RSUs & 83(b) | BEG",58,"Startup payroll for equity compensation: ISO and NSO stock options, RSU vesting, 83(b) elections, and withholding on equity income. BEG at $25-$45 PEPM.",152,"Startup Payroll with Equity Compensation: Stock Options, RSUs, and 83(b) Elections (2026)",https://beghr.com/blog/payroll/technology/startup-equity-payroll,"BlogPosting, BreadcrumbList, Person, Organization, ListItem, FAQPage, Answer, Question",,0,2026-06-27
https://beghr.com/blog/payroll/trucking/managed-payroll-vs-in-house,Blog Cluster,Managed Payroll,Managed Payroll vs. Hiring In-House for Trucking Companies | BEG,64,"Trucking payroll outsourcing vs. hiring a payroll manager in-house. Real cost comparison for fleets of 10–200 drivers. Driver classification, per diem.",151,Managed Payroll vs. Hiring In-House for Trucking Companies,https://beghr.com/blog/payroll/trucking/managed-payroll-vs-in-house,,"/blog/compare/payroll-manager-vs-outsourcing, /services/managed-payroll/trucking, /services/managed-payroll",3,2026-06-27
https://beghr.com/blog/payroll/trucking/per-diem-pay-truck-drivers,Blog Cluster,Managed Payroll,Per Diem Pay for Truck Drivers: IRS Rules and Payroll Setup | BEG,65,"How to structure per diem pay for truck drivers correctly — IRS accountable plan rules, the 2025 rate, how per diem reduces payroll taxes, and common.",150,Per Diem Pay for Truck Drivers: IRS Rules and Payroll Setup,https://beghr.com/blog/payroll/trucking/per-diem-pay-truck-drivers,,"/blog/payroll/trucking/truck-driver-payroll-taxes, /blog/payroll/trucking/managed-payroll-vs-in-house, /services/managed-payroll/trucking",3,2026-06-27
https://beghr.com/blog/payroll/trucking/truck-driver-payroll-taxes,Blog Cluster,Managed Payroll,Trucking Payroll Taxes | What Fleet Owners Need to Know | BEG,61,"A plain-English guide to payroll taxes for trucking companies — FUTA, SUTA, Social Security, Medicare, multi-state withholding, and what changes when.",150,Trucking Company Payroll Taxes: What Every Fleet Owner Needs to Know,https://beghr.com/blog/payroll/trucking/truck-driver-payroll-taxes,,"/blog/payroll/trucking/managed-payroll-vs-in-house, /services/managed-payroll/trucking, /services/managed-payroll",3,2026-06-27
https://beghr.com/blog/payroll/veterinary/dvm-compensation-payroll,Blog Cluster,Managed Payroll,How to Set Up DVM Salary and Production Bonuses in Payroll | BEG,64,"A practical guide to DVM compensation structures in payroll — base salary, production bonus calculation, associate vs. owner pay, and the most common.",150,How to Set Up DVM Salary and Production Bonuses in Payroll,https://beghr.com/blog/payroll/veterinary/dvm-compensation-payroll,,"/blog/payroll/veterinary/managed-payroll-vs-in-house, /blog/payroll/veterinary/veterinary-staff-overtime-rules, /services/managed-payroll/veterinary",3,2026-06-27
https://beghr.com/blog/payroll/veterinary/managed-payroll-vs-in-house,Blog Cluster,Managed Payroll,Vet Practice Payroll | Managed vs. In-House. $25-$45 PEPM. | BEG,64,"Veterinary practice payroll outsourcing vs. hiring an HR coordinator. Real cost comparison for practices with 10–100 staff. Mixed pay structures, ACA.",150,Managed Payroll vs. Hiring In-House for Veterinary Practices,https://beghr.com/blog/payroll/veterinary/managed-payroll-vs-in-house,,"/blog/compare/payroll-manager-vs-outsourcing, /services/managed-payroll/veterinary, /services/managed-payroll",3,2026-06-27
https://beghr.com/blog/payroll/veterinary/veterinary-staff-overtime-rules,Blog Cluster,Managed Payroll,Vet Staff Overtime Rules | FLSA for Veterinary Practices | BEG,62,"Which veterinary employees are exempt from FLSA overtime — and which are not. Covers DVMs, veterinary technicians, receptionists, and the most common.",150,Veterinary Practice Payroll: FLSA Overtime Rules for Vet Staff,https://beghr.com/blog/payroll/veterinary/veterinary-staff-overtime-rules,,"/blog/payroll/veterinary/managed-payroll-vs-in-house, /services/managed-payroll/veterinary, /services/managed-payroll",3,2026-06-27
https://beghr.com/services/managed-payroll,Service Hub,Managed Payroll,Managed Payroll | We Run It. Not You. $25-$45 PEPM. | BEG,57,"Fully managed payroll at $25-$45 PEPM. Taxes, filings, W-2s, and compliance handled. Works in your existing system. No migration. All 50 states.",144,,https://beghr.com/services/managed-payroll,,"/services/managed-payroll/veterinary, /services/managed-payroll/trucking, /services/managed-payroll/church, /services/managed-payroll/trades, /services/managed-payroll/technology, /services/managed-payroll/cannabis, /services/managed-payroll/auto-dealership, /services/managed-payroll/executive, /services/managed-payroll/marketing-agency, /services/managed-payroll/fitness",17,2026-06-27
https://beghr.com/services/managed-payroll/auto-dealership,Industry Sub-Page,Managed Payroll,Auto Dealership Payroll | Commission & Clawback. Handled. | BEG,63,"Auto dealership payroll fully managed at $25–45 PEPM. Commission draws, flat-rate tech pay, clawbacks, and demo vehicle taxes handled.",134,,https://beghr.com/services/managed-payroll/auto-dealership,,"/blog/payroll/auto-dealership/managed-payroll-vs-in-house, /blog/payroll/auto-dealership/dealership-overtime-minimum-wage, /services/managed-payroll, /blog/payroll/auto-dealership/dealer-commission-payroll",4,2026-06-27
https://beghr.com/services/managed-payroll/cannabis,Industry Sub-Page,Managed Payroll,Cannabis Payroll | 280E Handled. No Compliance Surprises. | BEG,63,"Cannabis payroll fully managed at $25–45 PEPM. 280E compliance, state licensing, and banking-adjacent payroll complexity handled.",129,,https://beghr.com/services/managed-payroll/cannabis,,"/blog/payroll/cannabis/cannabis-payroll-banking, /blog/payroll/cannabis/cannabis-payroll-280e, /services/managed-payroll, /blog/payroll/cannabis/managed-payroll-vs-in-house",4,2026-06-27
https://beghr.com/services/managed-payroll/childcare,Industry Sub-Page,Managed Payroll,Childcare Payroll | High Turnover. Zero Payroll Errors. | BEG,61,"Childcare payroll fully managed at $25–45 PEPM. High-turnover staff, substitute tracking, and state subsidy compliance included.",128,,https://beghr.com/services/managed-payroll/childcare,,"/blog/payroll/childcare/managed-payroll-vs-in-house, /blog/payroll/childcare/childcare-subsidy-payroll, /blog/payroll/childcare/childcare-payroll-overtime, /services/managed-payroll",4,2026-06-27
https://beghr.com/services/managed-payroll/church,Industry Sub-Page,Managed Payroll,Church Payroll | Housing Allowance & Clergy Tax. Handled. | BEG,63,"Church and faith-based payroll fully managed at $25–45 PEPM. Minister housing allowance, dual-status clergy, and SECA elections handled.",136,,https://beghr.com/services/managed-payroll/church,,"/blog/payroll/church/minister-housing-allowance-payroll, /blog/payroll/church/managed-payroll-vs-in-house, /services/managed-payroll, /blog/payroll/church/church-employee-fica-payroll",4,2026-06-27
https://beghr.com/services/managed-payroll/cost-calculator,Industry Sub-Page,Managed Payroll,Managed Payroll Calculator | See Your Exact Monthly Savings | BEG,65,Calculate what you\,19,Managed Payroll Cost Calculator,https://beghr.com/services/managed-payroll/cost-calculator,,"/services/managed-payroll/pricing, /services/managed-payroll",2,2026-06-27
https://beghr.com/services/managed-payroll/engineering,Industry Sub-Page,Managed Payroll,Engineering Payroll | Certified Payroll Reports. Handled. | BEG,63,"Engineering payroll managed at $25–$45 PEPM. Prevailing wage, certified payroll, and project tracking all included. Request a scope review.",139,,https://beghr.com/services/managed-payroll/engineering,,,0,2026-06-27
https://beghr.com/services/managed-payroll/executive,Industry Sub-Page,Managed Payroll,Executive Payroll Services | Deferred Comp & Benefits | BEG,59,"Executive compensation managed discreetly at $25–$45 PEPM. Deferred comp, executive benefits, and complex arrangements handled. Request a call.",143,,https://beghr.com/services/managed-payroll/executive,,,0,2026-06-27
https://beghr.com/services/managed-payroll/finance,Industry Sub-Page,Managed Payroll,Managed Payroll for Finance Firms | $25–$45 PEPM | BEG,54,"Finance and accounting payroll fully managed. Bonus structures, commission tracking, zero-error filings at $25–$45 PEPM. Request a scope review.",144,,https://beghr.com/services/managed-payroll/finance,,,0,2026-06-27
https://beghr.com/services/managed-payroll/fitness,Industry Sub-Page,Managed Payroll,Fitness Studio Payroll | Trainer Classification Done Right | BEG,64,"Fitness studio and gym payroll fully managed at $25–45 PEPM. W-2 vs. 1099 trainer classification, instructor pay, and commission handled.",137,,https://beghr.com/services/managed-payroll/fitness,,"/blog/payroll/fitness/fitness-trainer-w2-vs-1099, /blog/payroll/fitness/managed-payroll-vs-in-house, /blog/payroll/fitness/per-class-pay-minimum-wage, /services/managed-payroll",4,2026-06-27
https://beghr.com/services/managed-payroll/franchise,Industry Sub-Page,Managed Payroll,Franchise Payroll | Multi-Location. One Managed Service. | BEG,62,"Franchise payroll fully managed at $25–45 PEPM. Multi-location payroll, franchisor compliance, joint-employer documentation, and scaling handled.",145,,https://beghr.com/services/managed-payroll/franchise,,"/blog/payroll/franchise/franchise-minimum-wage-compliance, /blog/payroll/franchise/managed-payroll-vs-in-house, /services/managed-payroll, /blog/payroll/franchise/franchise-multi-location-payroll",4,2026-06-27
https://beghr.com/services/managed-payroll/healthcare,Industry Sub-Page,Managed Payroll,Healthcare Payroll | Shift Differential. Done Right. | BEG,58,"Healthcare payroll fully managed at $25–$45 PEPM. Shift differentials, compliance, and on-time filings included. Request a free scope review.",141,,https://beghr.com/services/managed-payroll/healthcare,,,0,2026-06-27
https://beghr.com/services/managed-payroll/home-health,Industry Sub-Page,Managed Payroll,Home Health Payroll | FLSA & Caregiver Pay. Handled. | BEG,58,"Home health agency payroll fully managed at $25–45 PEPM. Caregiver classification, live-in aide FLSA rules, and Medicaid wage compliance handled.",145,,https://beghr.com/services/managed-payroll/home-health,,"/blog/payroll/home-health/managed-payroll-vs-in-house, /blog/payroll/home-health/evv-payroll-reconciliation, /services/managed-payroll, /blog/payroll/home-health/home-health-travel-time",4,2026-06-27
https://beghr.com/services/managed-payroll/legal,Industry Sub-Page,Managed Payroll,Managed Payroll for Law Firms | $25–$45 PEPM | BEG,50,"Outsource law firm payroll for $25–$45 PEPM. Partner distributions, trust accounting, and tax filings included. Request a free scope review.",140,,https://beghr.com/services/managed-payroll/legal,,,0,2026-06-27
https://beghr.com/services/managed-payroll/marketing-agency,Industry Sub-Page,Managed Payroll,Marketing Agency Payroll | Remote Teams Handled Right. | BEG,60,"Marketing agency payroll fully managed at $25–45 PEPM. Remote multi-state teams, contractor classification, and commission handling included.",141,,https://beghr.com/services/managed-payroll/marketing-agency,,"/blog/payroll/marketing-agency/scorp-owner-salary-payroll, /blog/payroll/marketing-agency/marketing-agency-remote-payroll, /blog/payroll/marketing-agency/managed-payroll-vs-in-house, /services/managed-payroll",4,2026-06-27
https://beghr.com/services/managed-payroll/pricing,Industry Sub-Page,Managed Payroll,Managed Payroll Pricing | $25-$45 PEPM. No Hidden Fees. | BEG,61,"BEG managed payroll pricing starts at $25 PEPM, all-inclusive. No per-run fees, no module add-ons, no year-end surprises. See what is included.",143,Managed Payroll Pricing,https://beghr.com/services/managed-payroll/pricing,,"/services/managed-payroll/cost-calculator, /services/managed-payroll",2,2026-06-27
https://beghr.com/services/managed-payroll/technology,Industry Sub-Page,Managed Payroll,Tech Company Payroll | Remote Teams. Multi-State. Handled. | BEG,64,"Tech company payroll managed at $25–$45 PEPM. Remote teams, multi-state compliance, and equity compensation included. Request a free scope review.",146,,https://beghr.com/services/managed-payroll/technology,,,0,2026-06-27
https://beghr.com/services/managed-payroll/trades,Industry Sub-Page,Managed Payroll,Skilled Trades Payroll | Union & Certified Pay. Handled. | BEG,62,"Trades and manufacturing payroll at $25–$45 PEPM. Union compliance, certified payroll, and multi-site management included. Request a scope review.",146,,https://beghr.com/services/managed-payroll/trades,,,0,2026-06-27
https://beghr.com/services/managed-payroll/trucking,Industry Sub-Page,Managed Payroll,Trucking Payroll | Driver Pay & DOT Compliance. Handled. | BEG,62,"Trucking payroll fully managed at $25–45 PEPM. Per diem rules, W-2 vs. 1099 driver classification, and multi-state DOT compliance included.",139,,https://beghr.com/services/managed-payroll/trucking,,"/blog/payroll/trucking/per-diem-pay-truck-drivers, /blog/payroll/trucking/truck-driver-payroll-taxes, /blog/payroll/trucking/managed-payroll-vs-in-house, /services/managed-payroll",4,2026-06-27
https://beghr.com/services/managed-payroll/veterinary,Industry Sub-Page,Managed Payroll,Veterinary Payroll | Production Pay & Relief Vets. Handled. | BEG,65,"Veterinary payroll fully managed at $25–45 PEPM. Production associate pay, relief vet 1099 compliance, and mixed staff handling included.",137,,https://beghr.com/services/managed-payroll/veterinary,,"/blog/payroll/veterinary/veterinary-staff-overtime-rules, /blog/payroll/veterinary/managed-payroll-vs-in-house, /services/managed-payroll, /blog/payroll/veterinary/dvm-compensation-payroll",4,2026-06-27
https://beghr.com/network/membership,Core Page,Network,Membership | Business Executive Group,37,"Join 1,500+ DFW entrepreneurs in the Business Executive Group network. Access events, resources, and a community built for business owners.",139,"Join 1,500+ DFW entrepreneurs.",https://beghr.com/network/membership,,,0,2026-06-27
https://beghr.com/network/sponsorship,Core Page,Network,Sponsorship | Business Executive Group,38,"Sponsor BEG events and reach 1,500+ DFW entrepreneurs. Build brand visibility with decision-makers in the Dallas-Fort Worth business community.",143,Put your brand in front of DFW decision-makers.,https://beghr.com/network/sponsorship,,,0,2026-06-27
https://beghr.com/blog,Blog Cluster,Other,Blog | Business Executive Group,31,"Payroll compliance, legal hiring, HCM software, and entrepreneur resources from the BEG team.",93,Insights for growing businesses.,https://beghr.com/blog,,,0,2026-06-27
https://beghr.com/blog/compare,BOFU Compare,Other,Payroll & Legal Recruiting Comparisons | BEG Resource Center,60,"Honest side-by-side comparisons of payroll software, legal recruiting models, and managed service options. Research before you decide.",134,Honest Comparisons: Payroll and Legal Recruiting,https://beghr.com/blog/compare,,,0,2026-06-27
https://beghr.com/blog/compare/contingency-vs-retained-vs-milestone,BOFU Compare,Other,Contingency vs Retained vs Milestone | 50% Less Cost. | BEG,59,"Three ways to hire attorneys: contingency search, retained search, or milestone-based placement. Breakdown of cost, timeline, and fill rate by method.",150,Contingency vs. Retained vs. Milestone: Which Legal Recruiting Model Is Right for Your Firm?,https://beghr.com/blog/compare/contingency-vs-retained-vs-milestone,,,0,2026-06-27
https://beghr.com/blog/compare/how-long-should-attorney-placement-take,BOFU Compare,Other,Attorney Placement Timeline | 23-35 Days. Not 60-120. | BEG,59,The average contingency attorney search takes 60–120 days. The BEG placement model fills in 23–35 days with an 86% fill rate. Here\,131,How Long Should an Attorney Search Take? (And What to Do If It's Been 60 Days),https://beghr.com/blog/compare/how-long-should-attorney-placement-take,,,0,2026-06-27
https://beghr.com/blog/compare/payroll-manager-vs-outsourcing,BOFU Compare,Other,Payroll Manager vs Outsourcing | $60K-$100K vs. $25 PEPM | BEG,62,"What does a payroll manager cost vs. managed payroll? Breakdown of salary, benefits, time, and risk. Compare $60K-$100K per year vs. $25-$45 PEPM.",146,Hiring a Payroll Manager vs. Outsourcing: Full Cost Comparison,https://beghr.com/blog/compare/payroll-manager-vs-outsourcing,,,0,2026-06-27
https://beghr.com/blog/entrepreneur,Blog Cluster,Other,Business & Entrepreneur Resources | BEG Blog,44,"BEG network content, entrepreneur tips, and business community updates.",71,Business & Entrepreneur Resources,https://beghr.com/blog/entrepreneur,,,0,2026-06-27
https://beghr.com/board-of-directors,Other,Other,Board of Directors | Business Executive Group,45,"Meet the BEG board — leaders in HR, finance, sales, insurance, and cybersecurity serving our 1,500+ member entrepreneur network in Dallas-Fort Worth.",149,Board of Directors,https://beghr.com/board-of-directors,,,0,2026-06-27
https://beghr.com/partners,Partner Page,Other,BEG Partner Program | Refer Clients. No Conflict. | BEG,55,"Refer your clients to BEG for managed payroll, HCM software, and job placement. No conflict of interest — clean payroll data and no lane-crossing.",146,Refer Your Clients to a Payroll Service You Can Stand Behind,https://beghr.com/partners,,,0,2026-06-27
https://beghr.com/partners/broker,Partner Page,Other,Broker Partner Program | Cleaner Audits. No Conflict. | BEG,59,Refer clients to BEG for fully managed payroll. Clean payroll data simplifies workers\,86,"When Your Clients' Payroll Is Managed Right, Your Job Gets Easier",https://beghr.com/partners/broker,,"/blog/compare/payroll-manager-vs-outsourcing, /partners, /services/managed-payroll",3,2026-06-27
https://beghr.com/partners/cpa,Partner Page,Other,CPA Partner Program | Refer Payroll Clients. No Conflict. | BEG,63,"Refer clients to BEG for fully managed payroll. No conflict with your tax and accounting services. Clean, audit-ready payroll data every cycle. $25–45.",151,The Payroll Referral CPAs Actually Want to Make,https://beghr.com/partners/cpa,,"/blog/compare/payroll-manager-vs-outsourcing, /partners, /services/managed-payroll",3,2026-06-27
https://beghr.com/privacy-policy,Other,Other,Privacy Policy | Business Executive Group,41,"Privacy policy for Business Executive Group — how we collect, use, and protect your information.",96,Privacy Policy,https://beghr.com/privacy-policy,,,0,2026-06-27
